git push -u origin mainThreads,Tiempo,Speedup
1,33.27355766296387,1.0
2,35.18516731262207,0.9456700139387302
4,36.230008602142334,0.9183977301345811
8,36.05096983909607,0.9229587390151099
